cycle,instruction,cta_id,cluster_id,warp_id,tid
5002, PC=0x178 (linear_base.1.sm_75.ptx:138) ld.param.u64 %rd5 [_Z13push_frontier9Worklist2Pii_param_1],23,3,2,ffffffff
5002, PC=0x178 (linear_base.1.sm_75.ptx:138) ld.param.u64 %rd5 [_Z13push_frontier9Worklist2Pii_param_1],23,3,3,ffffffff
5002, PC=0x178 (linear_base.1.sm_75.ptx:138) ld.param.u64 %rd5 [_Z13push_frontier9Worklist2Pii_param_1],23,3,4,ffffffff
5003, PC=0x178 (linear_base.1.sm_75.ptx:138) ld.param.u64 %rd5 [_Z13push_frontier9Worklist2Pii_param_1],23,3,7,ffffffff
5003, PC=0x178 (linear_base.1.sm_75.ptx:138) ld.param.u64 %rd5 [_Z13push_frontier9Worklist2Pii_param_1],53,3,8,ffffffff
5003, PC=0x178 (linear_base.1.sm_75.ptx:138) ld.param.u64 %rd5 [_Z13push_frontier9Worklist2Pii_param_1],23,3,5,ffffffff
5003, PC=0x178 (linear_base.1.sm_75.ptx:138) ld.param.u64 %rd5 [_Z13push_frontier9Worklist2Pii_param_1],23,3,6,ffffffff
5004, PC=0x178 (linear_base.1.sm_75.ptx:138) ld.param.u64 %rd5 [_Z13push_frontier9Worklist2Pii_param_1],53,3,12,ffffffff
5004, PC=0x178 (linear_base.1.sm_75.ptx:138) ld.param.u64 %rd5 [_Z13push_frontier9Worklist2Pii_param_1],53,3,9,ffffffff
5004, PC=0x178 (linear_base.1.sm_75.ptx:138) ld.param.u64 %rd5 [_Z13push_frontier9Worklist2Pii_param_1],53,3,10,ffffffff
5004, PC=0x178 (linear_base.1.sm_75.ptx:138) ld.param.u64 %rd5 [_Z13push_frontier9Worklist2Pii_param_1],53,3,11,ffffffff
5005, PC=0x178 (linear_base.1.sm_75.ptx:138) ld.param.u64 %rd5 [_Z13push_frontier9Worklist2Pii_param_1],53,3,13,ffffffff
5005, PC=0x178 (linear_base.1.sm_75.ptx:138) ld.param.u64 %rd5 [_Z13push_frontier9Worklist2Pii_param_1],53,3,14,ffffffff
5005, PC=0x178 (linear_base.1.sm_75.ptx:138) ld.param.u64 %rd5 [_Z13push_frontier9Worklist2Pii_param_1],53,3,15,ffffffff
5005, PC=0x178 (linear_base.1.sm_75.ptx:138) ld.param.u64 %rd5 [_Z13push_frontier9Worklist2Pii_param_1],23,3,0,ffffffff
5006, PC=0x180 (linear_base.1.sm_75.ptx:139) ld.param.u32 %r4 [_Z13push_frontier9Worklist2Pii_param_2],23,3,2,ffffffff
5006, PC=0x180 (linear_base.1.sm_75.ptx:139) ld.param.u32 %r4 [_Z13push_frontier9Worklist2Pii_param_2],23,3,3,ffffffff
5006, PC=0x180 (linear_base.1.sm_75.ptx:139) ld.param.u32 %r4 [_Z13push_frontier9Worklist2Pii_param_2],23,3,4,ffffffff
5006, PC=0x178 (linear_base.1.sm_75.ptx:138) ld.param.u64 %rd5 [_Z13push_frontier9Worklist2Pii_param_1],23,3,1,ffffffff
5010, PC=0x180 (linear_base.1.sm_75.ptx:139) ld.param.u32 %r4 [_Z13push_frontier9Worklist2Pii_param_2],23,3,6,ffffffff
5010, PC=0x180 (linear_base.1.sm_75.ptx:139) ld.param.u32 %r4 [_Z13push_frontier9Worklist2Pii_param_2],23,3,7,ffffffff
5010, PC=0x180 (linear_base.1.sm_75.ptx:139) ld.param.u32 %r4 [_Z13push_frontier9Worklist2Pii_param_2],53,3,8,ffffffff
5010, PC=0x180 (linear_base.1.sm_75.ptx:139) ld.param.u32 %r4 [_Z13push_frontier9Worklist2Pii_param_2],23,3,5,ffffffff
5012, PC=0x180 (linear_base.1.sm_75.ptx:139) ld.param.u32 %r4 [_Z13push_frontier9Worklist2Pii_param_2],53,3,10,ffffffff
5013, PC=0x180 (linear_base.1.sm_75.ptx:139) ld.param.u32 %r4 [_Z13push_frontier9Worklist2Pii_param_2],53,3,11,ffffffff
5014, PC=0x180 (linear_base.1.sm_75.ptx:139) ld.param.u32 %r4 [_Z13push_frontier9Worklist2Pii_param_2],53,3,12,ffffffff
5014, PC=0x180 (linear_base.1.sm_75.ptx:139) ld.param.u32 %r4 [_Z13push_frontier9Worklist2Pii_param_2],53,3,9,ffffffff
5015, PC=0x180 (linear_base.1.sm_75.ptx:139) ld.param.u32 %r4 [_Z13push_frontier9Worklist2Pii_param_2],53,3,14,ffffffff
5016, PC=0x180 (linear_base.1.sm_75.ptx:139) ld.param.u32 %r4 [_Z13push_frontier9Worklist2Pii_param_2],53,3,15,ffffffff
5017, PC=0x180 (linear_base.1.sm_75.ptx:139) ld.param.u32 %r4 [_Z13push_frontier9Worklist2Pii_param_2],23,3,0,ffffffff
5018, PC=0x180 (linear_base.1.sm_75.ptx:139) ld.param.u32 %r4 [_Z13push_frontier9Worklist2Pii_param_2],53,3,13,ffffffff
5019, PC=0x188 (linear_base.1.sm_75.ptx:140) ld.param.u64 %rd4 [_Z13push_frontier9Worklist2Pii_param_0+24],23,3,2,ffffffff
5020, PC=0x188 (linear_base.1.sm_75.ptx:140) ld.param.u64 %rd4 [_Z13push_frontier9Worklist2Pii_param_0+24],23,3,3,ffffffff
5021, PC=0x188 (linear_base.1.sm_75.ptx:140) ld.param.u64 %rd4 [_Z13push_frontier9Worklist2Pii_param_0+24],23,3,4,ffffffff
5022, PC=0x180 (linear_base.1.sm_75.ptx:139) ld.param.u32 %r4 [_Z13push_frontier9Worklist2Pii_param_2],23,3,1,ffffffff
5023, PC=0x188 (linear_base.1.sm_75.ptx:140) ld.param.u64 %rd4 [_Z13push_frontier9Worklist2Pii_param_0+24],23,3,6,ffffffff
5024, PC=0x188 (linear_base.1.sm_75.ptx:140) ld.param.u64 %rd4 [_Z13push_frontier9Worklist2Pii_param_0+24],23,3,7,ffffffff
5025, PC=0x188 (linear_base.1.sm_75.ptx:140) ld.param.u64 %rd4 [_Z13push_frontier9Worklist2Pii_param_0+24],53,3,8,ffffffff
5026, PC=0x188 (linear_base.1.sm_75.ptx:140) ld.param.u64 %rd4 [_Z13push_frontier9Worklist2Pii_param_0+24],23,3,5,ffffffff
5027, PC=0x188 (linear_base.1.sm_75.ptx:140) ld.param.u64 %rd4 [_Z13push_frontier9Worklist2Pii_param_0+24],53,3,10,ffffffff
5028, PC=0x188 (linear_base.1.sm_75.ptx:140) ld.param.u64 %rd4 [_Z13push_frontier9Worklist2Pii_param_0+24],53,3,11,ffffffff
5029, PC=0x188 (linear_base.1.sm_75.ptx:140) ld.param.u64 %rd4 [_Z13push_frontier9Worklist2Pii_param_0+24],53,3,12,ffffffff
5030, PC=0x188 (linear_base.1.sm_75.ptx:140) ld.param.u64 %rd4 [_Z13push_frontier9Worklist2Pii_param_0+24],53,3,9,ffffffff
5031, PC=0x188 (linear_base.1.sm_75.ptx:140) ld.param.u64 %rd4 [_Z13push_frontier9Worklist2Pii_param_0+24],53,3,14,ffffffff
5032, PC=0x188 (linear_base.1.sm_75.ptx:140) ld.param.u64 %rd4 [_Z13push_frontier9Worklist2Pii_param_0+24],53,3,15,ffffffff
5033, PC=0x188 (linear_base.1.sm_75.ptx:140) ld.param.u64 %rd4 [_Z13push_frontier9Worklist2Pii_param_0+24],23,3,0,ffffffff
5034, PC=0x188 (linear_base.1.sm_75.ptx:140) ld.param.u64 %rd4 [_Z13push_frontier9Worklist2Pii_param_0+24],53,3,13,ffffffff
5035, PC=0x190 (linear_base.1.sm_75.ptx:141) ld.param.u64 %rd1 [_Z13push_frontier9Worklist2Pii_param_0],23,3,2,ffffffff
5036, PC=0x198 (linear_base.1.sm_75.ptx:142) cvta.to.global.u64 %rd6 %rd4,23,3,2,ffffffff
5036, PC=0x190 (linear_base.1.sm_75.ptx:141) ld.param.u64 %rd1 [_Z13push_frontier9Worklist2Pii_param_0],23,3,3,ffffffff
5037, PC=0x198 (linear_base.1.sm_75.ptx:142) cvta.to.global.u64 %rd6 %rd4,23,3,3,ffffffff
5037, PC=0x190 (linear_base.1.sm_75.ptx:141) ld.param.u64 %rd1 [_Z13push_frontier9Worklist2Pii_param_0],23,3,4,ffffffff
5038, PC=0x198 (linear_base.1.sm_75.ptx:142) cvta.to.global.u64 %rd6 %rd4,23,3,4,ffffffff
5038, PC=0x188 (linear_base.1.sm_75.ptx:140) ld.param.u64 %rd4 [_Z13push_frontier9Worklist2Pii_param_0+24],23,3,1,ffffffff
5039, PC=0x190 (linear_base.1.sm_75.ptx:141) ld.param.u64 %rd1 [_Z13push_frontier9Worklist2Pii_param_0],23,3,6,ffffffff
5040, PC=0x190 (linear_base.1.sm_75.ptx:141) ld.param.u64 %rd1 [_Z13push_frontier9Worklist2Pii_param_0],23,3,7,ffffffff
5041, PC=0x190 (linear_base.1.sm_75.ptx:141) ld.param.u64 %rd1 [_Z13push_frontier9Worklist2Pii_param_0],53,3,8,ffffffff
5042, PC=0x190 (linear_base.1.sm_75.ptx:141) ld.param.u64 %rd1 [_Z13push_frontier9Worklist2Pii_param_0],23,3,5,ffffffff
5043, PC=0x198 (linear_base.1.sm_75.ptx:142) cvta.to.global.u64 %rd6 %rd4,23,3,5,ffffffff
5043, PC=0x190 (linear_base.1.sm_75.ptx:141) ld.param.u64 %rd1 [_Z13push_frontier9Worklist2Pii_param_0],53,3,10,ffffffff
5044, PC=0x190 (linear_base.1.sm_75.ptx:141) ld.param.u64 %rd1 [_Z13push_frontier9Worklist2Pii_param_0],53,3,11,ffffffff
5045, PC=0x190 (linear_base.1.sm_75.ptx:141) ld.param.u64 %rd1 [_Z13push_frontier9Worklist2Pii_param_0],53,3,12,ffffffff
5046, PC=0x190 (linear_base.1.sm_75.ptx:141) ld.param.u64 %rd1 [_Z13push_frontier9Worklist2Pii_param_0],53,3,9,ffffffff
5047, PC=0x190 (linear_base.1.sm_75.ptx:141) ld.param.u64 %rd1 [_Z13push_frontier9Worklist2Pii_param_0],53,3,14,ffffffff
5048, PC=0x190 (linear_base.1.sm_75.ptx:141) ld.param.u64 %rd1 [_Z13push_frontier9Worklist2Pii_param_0],53,3,15,ffffffff
5049, PC=0x190 (linear_base.1.sm_75.ptx:141) ld.param.u64 %rd1 [_Z13push_frontier9Worklist2Pii_param_0],23,3,0,ffffffff
5050, PC=0x190 (linear_base.1.sm_75.ptx:141) ld.param.u64 %rd1 [_Z13push_frontier9Worklist2Pii_param_0],53,3,13,ffffffff
5054, PC=0x190 (linear_base.1.sm_75.ptx:141) ld.param.u64 %rd1 [_Z13push_frontier9Worklist2Pii_param_0],23,3,1,ffffffff
5055, PC=0x1a0 (linear_base.1.sm_75.ptx:143) mov.u32 %r6 %ntid.x,23,3,2,ffffffff
5056, PC=0x1a0 (linear_base.1.sm_75.ptx:143) mov.u32 %r6 %ntid.x,23,3,3,ffffffff
5057, PC=0x1a0 (linear_base.1.sm_75.ptx:143) mov.u32 %r6 %ntid.x,23,3,4,ffffffff
5065, PC=0x1a0 (linear_base.1.sm_75.ptx:143) mov.u32 %r6 %ntid.x,23,3,5,ffffffff
5065, PC=0x198 (linear_base.1.sm_75.ptx:142) cvta.to.global.u64 %rd6 %rd4,23,3,6,ffffffff
5065, PC=0x198 (linear_base.1.sm_75.ptx:142) cvta.to.global.u64 %rd6 %rd4,23,3,7,ffffffff
5065, PC=0x198 (linear_base.1.sm_75.ptx:142) cvta.to.global.u64 %rd6 %rd4,53,3,8,ffffffff
5066, PC=0x198 (linear_base.1.sm_75.ptx:142) cvta.to.global.u64 %rd6 %rd4,53,3,10,ffffffff
5066, PC=0x198 (linear_base.1.sm_75.ptx:142) cvta.to.global.u64 %rd6 %rd4,53,3,11,ffffffff
5066, PC=0x198 (linear_base.1.sm_75.ptx:142) cvta.to.global.u64 %rd6 %rd4,53,3,12,ffffffff
5066, PC=0x198 (linear_base.1.sm_75.ptx:142) cvta.to.global.u64 %rd6 %rd4,53,3,9,ffffffff
5067, PC=0x198 (linear_base.1.sm_75.ptx:142) cvta.to.global.u64 %rd6 %rd4,53,3,15,ffffffff
5067, PC=0x198 (linear_base.1.sm_75.ptx:142) cvta.to.global.u64 %rd6 %rd4,23,3,0,ffffffff
5067, PC=0x198 (linear_base.1.sm_75.ptx:142) cvta.to.global.u64 %rd6 %rd4,53,3,13,ffffffff
5067, PC=0x198 (linear_base.1.sm_75.ptx:142) cvta.to.global.u64 %rd6 %rd4,53,3,14,ffffffff
5068, PC=0x1a8 (linear_base.1.sm_75.ptx:144) mov.u32 %r7 %ctaid.x,23,3,4,ffffffff
5068, PC=0x198 (linear_base.1.sm_75.ptx:142) cvta.to.global.u64 %rd6 %rd4,23,3,1,ffffffff
5068, PC=0x1a8 (linear_base.1.sm_75.ptx:144) mov.u32 %r7 %ctaid.x,23,3,2,ffffffff
5068, PC=0x1a8 (linear_base.1.sm_75.ptx:144) mov.u32 %r7 %ctaid.x,23,3,3,ffffffff
5069, PC=0x1a8 (linear_base.1.sm_75.ptx:144) mov.u32 %r7 %ctaid.x,23,3,5,ffffffff
5069, PC=0x1a0 (linear_base.1.sm_75.ptx:143) mov.u32 %r6 %ntid.x,23,3,6,ffffffff
5069, PC=0x1a0 (linear_base.1.sm_75.ptx:143) mov.u32 %r6 %ntid.x,23,3,7,ffffffff
5069, PC=0x1a0 (linear_base.1.sm_75.ptx:143) mov.u32 %r6 %ntid.x,53,3,8,ffffffff
5070, PC=0x1a0 (linear_base.1.sm_75.ptx:143) mov.u32 %r6 %ntid.x,53,3,10,ffffffff
5070, PC=0x1a0 (linear_base.1.sm_75.ptx:143) mov.u32 %r6 %ntid.x,53,3,11,ffffffff
5070, PC=0x1a0 (linear_base.1.sm_75.ptx:143) mov.u32 %r6 %ntid.x,53,3,12,ffffffff
5070, PC=0x1a0 (linear_base.1.sm_75.ptx:143) mov.u32 %r6 %ntid.x,53,3,9,ffffffff
5071, PC=0x1a0 (linear_base.1.sm_75.ptx:143) mov.u32 %r6 %ntid.x,53,3,15,ffffffff
5071, PC=0x1a0 (linear_base.1.sm_75.ptx:143) mov.u32 %r6 %ntid.x,23,3,0,ffffffff
5071, PC=0x1a0 (linear_base.1.sm_75.ptx:143) mov.u32 %r6 %ntid.x,53,3,13,ffffffff
5071, PC=0x1a0 (linear_base.1.sm_75.ptx:143) mov.u32 %r6 %ntid.x,53,3,14,ffffffff
5072, PC=0x1b0 (linear_base.1.sm_75.ptx:145) mov.u32 %r8 %tid.x,23,3,4,ffffffff
5072, PC=0x1a0 (linear_base.1.sm_75.ptx:143) mov.u32 %r6 %ntid.x,23,3,1,ffffffff
5072, PC=0x1b0 (linear_base.1.sm_75.ptx:145) mov.u32 %r8 %tid.x,23,3,2,ffffffff
5072, PC=0x1b0 (linear_base.1.sm_75.ptx:145) mov.u32 %r8 %tid.x,23,3,3,ffffffff
5073, PC=0x1b0 (linear_base.1.sm_75.ptx:145) mov.u32 %r8 %tid.x,23,3,5,ffffffff
5073, PC=0x1a8 (linear_base.1.sm_75.ptx:144) mov.u32 %r7 %ctaid.x,23,3,6,ffffffff
5073, PC=0x1a8 (linear_base.1.sm_75.ptx:144) mov.u32 %r7 %ctaid.x,23,3,7,ffffffff
5073, PC=0x1a8 (linear_base.1.sm_75.ptx:144) mov.u32 %r7 %ctaid.x,53,3,8,ffffffff
5074, PC=0x1a8 (linear_base.1.sm_75.ptx:144) mov.u32 %r7 %ctaid.x,53,3,10,ffffffff
5074, PC=0x1a8 (linear_base.1.sm_75.ptx:144) mov.u32 %r7 %ctaid.x,53,3,11,ffffffff
5074, PC=0x1a8 (linear_base.1.sm_75.ptx:144) mov.u32 %r7 %ctaid.x,53,3,12,ffffffff
5074, PC=0x1a8 (linear_base.1.sm_75.ptx:144) mov.u32 %r7 %ctaid.x,53,3,9,ffffffff
5075, PC=0x1a8 (linear_base.1.sm_75.ptx:144) mov.u32 %r7 %ctaid.x,53,3,15,ffffffff
5075, PC=0x1a8 (linear_base.1.sm_75.ptx:144) mov.u32 %r7 %ctaid.x,23,3,0,ffffffff
5075, PC=0x1a8 (linear_base.1.sm_75.ptx:144) mov.u32 %r7 %ctaid.x,53,3,13,ffffffff
5075, PC=0x1a8 (linear_base.1.sm_75.ptx:144) mov.u32 %r7 %ctaid.x,53,3,14,ffffffff
5076, PC=0x1b0 (linear_base.1.sm_75.ptx:145) mov.u32 %r8 %tid.x,53,3,8,ffffffff
5076, PC=0x1a8 (linear_base.1.sm_75.ptx:144) mov.u32 %r7 %ctaid.x,23,3,1,ffffffff
5076, PC=0x1b0 (linear_base.1.sm_75.ptx:145) mov.u32 %r8 %tid.x,23,3,6,ffffffff
5076, PC=0x1b0 (linear_base.1.sm_75.ptx:145) mov.u32 %r8 %tid.x,23,3,7,ffffffff
5077, PC=0x1b0 (linear_base.1.sm_75.ptx:145) mov.u32 %r8 %tid.x,53,3,9,ffffffff
5077, PC=0x1b0 (linear_base.1.sm_75.ptx:145) mov.u32 %r8 %tid.x,53,3,10,ffffffff
5077, PC=0x1b0 (linear_base.1.sm_75.ptx:145) mov.u32 %r8 %tid.x,53,3,11,ffffffff
5077, PC=0x1b0 (linear_base.1.sm_75.ptx:145) mov.u32 %r8 %tid.x,53,3,12,ffffffff
5078, PC=0x1b0 (linear_base.1.sm_75.ptx:145) mov.u32 %r8 %tid.x,53,3,14,ffffffff
5078, PC=0x1b0 (linear_base.1.sm_75.ptx:145) mov.u32 %r8 %tid.x,53,3,15,ffffffff
5078, PC=0x1b0 (linear_base.1.sm_75.ptx:145) mov.u32 %r8 %tid.x,23,3,0,ffffffff
5078, PC=0x1b0 (linear_base.1.sm_75.ptx:145) mov.u32 %r8 %tid.x,53,3,13,ffffffff
5079, PC=0x1b8 (linear_base.1.sm_75.ptx:146) mad.lo.s32 %r1 %r7 %r6 %r8,23,3,3,ffffffff
5079, PC=0x1b8 (linear_base.1.sm_75.ptx:146) mad.lo.s32 %r1 %r7 %r6 %r8,23,3,4,ffffffff
5079, PC=0x1b0 (linear_base.1.sm_75.ptx:145) mov.u32 %r8 %tid.x,23,3,1,ffffffff
5079, PC=0x1b8 (linear_base.1.sm_75.ptx:146) mad.lo.s32 %r1 %r7 %r6 %r8,23,3,2,ffffffff
5080, PC=0x1c0 (linear_base.1.sm_75.ptx:147) ld.global.u32 %r9 [%rd6],23,3,4,ffffffff
5080, PC=0x1b8 (linear_base.1.sm_75.ptx:146) mad.lo.s32 %r1 %r7 %r6 %r8,23,3,5,ffffffff
5080, PC=0x1c0 (linear_base.1.sm_75.ptx:147) ld.global.u32 %r9 [%rd6],23,3,2,ffffffff
5080, PC=0x1c0 (linear_base.1.sm_75.ptx:147) ld.global.u32 %r9 [%rd6],23,3,3,ffffffff
5081, PC=0x1c0 (linear_base.1.sm_75.ptx:147) ld.global.u32 %r9 [%rd6],23,3,5,ffffffff
5082, PC=0x1b8 (linear_base.1.sm_75.ptx:146) mad.lo.s32 %r1 %r7 %r6 %r8,23,3,6,ffffffff
5082, PC=0x1b8 (linear_base.1.sm_75.ptx:146) mad.lo.s32 %r1 %r7 %r6 %r8,23,3,7,ffffffff
5082, PC=0x1b8 (linear_base.1.sm_75.ptx:146) mad.lo.s32 %r1 %r7 %r6 %r8,53,3,8,ffffffff
5083, PC=0x1b8 (linear_base.1.sm_75.ptx:146) mad.lo.s32 %r1 %r7 %r6 %r8,53,3,11,ffffffff
5083, PC=0x1b8 (linear_base.1.sm_75.ptx:146) mad.lo.s32 %r1 %r7 %r6 %r8,53,3,12,ffffffff
5083, PC=0x1b8 (linear_base.1.sm_75.ptx:146) mad.lo.s32 %r1 %r7 %r6 %r8,53,3,9,ffffffff
5083, PC=0x1b8 (linear_base.1.sm_75.ptx:146) mad.lo.s32 %r1 %r7 %r6 %r8,53,3,10,ffffffff
5084, PC=0x1b8 (linear_base.1.sm_75.ptx:146) mad.lo.s32 %r1 %r7 %r6 %r8,23,3,0,ffffffff
5084, PC=0x1b8 (linear_base.1.sm_75.ptx:146) mad.lo.s32 %r1 %r7 %r6 %r8,53,3,13,ffffffff
5084, PC=0x1b8 (linear_base.1.sm_75.ptx:146) mad.lo.s32 %r1 %r7 %r6 %r8,53,3,14,ffffffff
5084, PC=0x1b8 (linear_base.1.sm_75.ptx:146) mad.lo.s32 %r1 %r7 %r6 %r8,53,3,15,ffffffff
5085, PC=0x1b8 (linear_base.1.sm_75.ptx:146) mad.lo.s32 %r1 %r7 %r6 %r8,23,3,1,ffffffff
5085, PC=0x1c0 (linear_base.1.sm_75.ptx:147) ld.global.u32 %r9 [%rd6],23,3,6,ffffffff
5085, PC=0x1c0 (linear_base.1.sm_75.ptx:147) ld.global.u32 %r9 [%rd6],23,3,7,ffffffff
5085, PC=0x1c0 (linear_base.1.sm_75.ptx:147) ld.global.u32 %r9 [%rd6],53,3,8,ffffffff
5086, PC=0x1c0 (linear_base.1.sm_75.ptx:147) ld.global.u32 %r9 [%rd6],53,3,10,ffffffff
5086, PC=0x1c0 (linear_base.1.sm_75.ptx:147) ld.global.u32 %r9 [%rd6],53,3,11,ffffffff
5086, PC=0x1c0 (linear_base.1.sm_75.ptx:147) ld.global.u32 %r9 [%rd6],53,3,12,ffffffff
5086, PC=0x1c0 (linear_base.1.sm_75.ptx:147) ld.global.u32 %r9 [%rd6],53,3,9,ffffffff
5087, PC=0x1c0 (linear_base.1.sm_75.ptx:147) ld.global.u32 %r9 [%rd6],53,3,15,ffffffff
5087, PC=0x1c0 (linear_base.1.sm_75.ptx:147) ld.global.u32 %r9 [%rd6],23,3,0,ffffffff
5087, PC=0x1c0 (linear_base.1.sm_75.ptx:147) ld.global.u32 %r9 [%rd6],53,3,13,ffffffff
5087, PC=0x1c0 (linear_base.1.sm_75.ptx:147) ld.global.u32 %r9 [%rd6],53,3,14,ffffffff
5088, PC=0x1c0 (linear_base.1.sm_75.ptx:147) ld.global.u32 %r9 [%rd6],23,3,1,ffffffff
5328, PC=0x1c8 (linear_base.1.sm_75.ptx:148) setp.le.s32 %p3 %r9 %r1,23,3,4,ffffffff
5329, PC=0x1c8 (linear_base.1.sm_75.ptx:148) setp.le.s32 %p3 %r9 %r1,23,3,2,ffffffff
5329, PC=0x1d0 (linear_base.1.sm_75.ptx:149) mov.pred %p5 -1,23,3,4,ffffffff
5330, PC=0x1d0 (linear_base.1.sm_75.ptx:149) mov.pred %p5 -1,23,3,2,ffffffff
5330, PC=0x1c8 (linear_base.1.sm_75.ptx:148) setp.le.s32 %p3 %r9 %r1,23,3,3,ffffffff
5331, PC=0x1d0 (linear_base.1.sm_75.ptx:149) mov.pred %p5 -1,23,3,3,ffffffff
5331, PC=0x1c8 (linear_base.1.sm_75.ptx:148) setp.le.s32 %p3 %r9 %r1,23,3,5,ffffffff
5332, PC=0x1d0 (linear_base.1.sm_75.ptx:149) mov.pred %p5 -1,23,3,5,ffffffff
5332, PC=0x1c8 (linear_base.1.sm_75.ptx:148) setp.le.s32 %p3 %r9 %r1,23,3,6,ffffffff
5333, PC=0x1d0 (linear_base.1.sm_75.ptx:149) mov.pred %p5 -1,23,3,6,ffffffff
5333, PC=0x1c8 (linear_base.1.sm_75.ptx:148) setp.le.s32 %p3 %r9 %r1,23,3,7,ffffffff
5334, PC=0x1d0 (linear_base.1.sm_75.ptx:149) mov.pred %p5 -1,23,3,7,ffffffff
5334, PC=0x1d8 (linear_base.1.sm_75.ptx:150) @%p3 bra $L__BB2_2,23,3,4,ffffffff
5335, PC=0x1e0 (linear_base.1.sm_75.ptx:152) cvta.to.global.u64 %rd7 %rd1,23,3,4,ffffffff
5335, PC=0x1d8 (linear_base.1.sm_75.ptx:150) @%p3 bra $L__BB2_2,23,3,2,ffffffff
5336, PC=0x1c8 (linear_base.1.sm_75.ptx:148) setp.le.s32 %p3 %r9 %r1,53,3,8,ffffffff
5336, PC=0x1e0 (linear_base.1.sm_75.ptx:152) cvta.to.global.u64 %rd7 %rd1,23,3,2,ffffffff
5336, PC=0x1d8 (linear_base.1.sm_75.ptx:150) @%p3 bra $L__BB2_2,23,3,3,ffffffff
5337, PC=0x1d8 (linear_base.1.sm_75.ptx:150) @%p3 bra $L__BB2_2,23,3,5,ffffffff
5337, PC=0x1c8 (linear_base.1.sm_75.ptx:148) setp.le.s32 %p3 %r9 %r1,53,3,10,ffffffff
5337, PC=0x1e0 (linear_base.1.sm_75.ptx:152) cvta.to.global.u64 %rd7 %rd1,23,3,3,ffffffff
5337, PC=0x1e8 (linear_base.1.sm_75.ptx:153) mul.wide.s32 %rd8 %r1 4,23,3,4,ffffffff
5338, PC=0x1e8 (linear_base.1.sm_75.ptx:153) mul.wide.s32 %rd8 %r1 4,23,3,2,ffffffff
5338, PC=0x1e8 (linear_base.1.sm_75.ptx:153) mul.wide.s32 %rd8 %r1 4,23,3,3,ffffffff
5338, PC=0x1d0 (linear_base.1.sm_75.ptx:149) mov.pred %p5 -1,53,3,8,ffffffff
5338, PC=0x1e0 (linear_base.1.sm_75.ptx:152) cvta.to.global.u64 %rd7 %rd1,23,3,5,ffffffff
5339, PC=0x1d8 (linear_base.1.sm_75.ptx:150) @%p3 bra $L__BB2_2,23,3,7,ffffffff
5339, PC=0x1c8 (linear_base.1.sm_75.ptx:148) setp.le.s32 %p3 %r9 %r1,53,3,9,ffffffff
5339, PC=0x1d8 (linear_base.1.sm_75.ptx:150) @%p3 bra $L__BB2_2,23,3,6,ffffffff
5340, PC=0x1e8 (linear_base.1.sm_75.ptx:153) mul.wide.s32 %rd8 %r1 4,23,3,5,ffffffff
5340, PC=0x1d0 (linear_base.1.sm_75.ptx:149) mov.pred %p5 -1,53,3,10,ffffffff
5340, PC=0x1e0 (linear_base.1.sm_75.ptx:152) cvta.to.global.u64 %rd7 %rd1,23,3,7,ffffffff
5341, PC=0x1d0 (linear_base.1.sm_75.ptx:149) mov.pred %p5 -1,53,3,9,ffffffff
5341, PC=0x1e0 (linear_base.1.sm_75.ptx:152) cvta.to.global.u64 %rd7 %rd1,23,3,6,ffffffff
5341, PC=0x1c8 (linear_base.1.sm_75.ptx:148) setp.le.s32 %p3 %r9 %r1,53,3,15,ffffffff
5342, PC=0x1e8 (linear_base.1.sm_75.ptx:153) mul.wide.s32 %rd8 %r1 4,23,3,6,ffffffff
5342, PC=0x1e8 (linear_base.1.sm_75.ptx:153) mul.wide.s32 %rd8 %r1 4,23,3,7,ffffffff
5342, PC=0x1d8 (linear_base.1.sm_75.ptx:150) @%p3 bra $L__BB2_2,53,3,8,ffffffff
5343, PC=0x1c8 (linear_base.1.sm_75.ptx:148) setp.le.s32 %p3 %r9 %r1,53,3,11,ffffffff
5343, PC=0x1c8 (linear_base.1.sm_75.ptx:148) setp.le.s32 %p3 %r9 %r1,23,3,0,ffffffff
5344, PC=0x1d8 (linear_base.1.sm_75.ptx:150) @%p3 bra $L__BB2_2,53,3,10,ffffffff
5345, PC=0x1d8 (linear_base.1.sm_75.ptx:150) @%p3 bra $L__BB2_2,53,3,9,ffffffff
5345, PC=0x1c8 (linear_base.1.sm_75.ptx:148) setp.le.s32 %p3 %r9 %r1,53,3,14,ffffffff
5345, PC=0x1d0 (linear_base.1.sm_75.ptx:149) mov.pred %p5 -1,53,3,15,ffffffff
5345, PC=0x1e0 (linear_base.1.sm_75.ptx:152) cvta.to.global.u64 %rd7 %rd1,53,3,8,ffffffff
5346, PC=0x1e0 (linear_base.1.sm_75.ptx:152) cvta.to.global.u64 %rd7 %rd1,53,3,10,ffffffff
5346, PC=0x1d0 (linear_base.1.sm_75.ptx:149) mov.pred %p5 -1,53,3,11,ffffffff
5346, PC=0x1c8 (linear_base.1.sm_75.ptx:148) setp.le.s32 %p3 %r9 %r1,53,3,12,ffffffff
5346, PC=0x1c8 (linear_base.1.sm_75.ptx:148) setp.le.s32 %p3 %r9 %r1,23,3,1,ffffffff
5347, PC=0x1d0 (linear_base.1.sm_75.ptx:149) mov.pred %p5 -1,53,3,14,ffffffff
5348, PC=0x1d0 (linear_base.1.sm_75.ptx:149) mov.pred %p5 -1,23,3,0,ffffffff
5348, PC=0x1e0 (linear_base.1.sm_75.ptx:152) cvta.to.global.u64 %rd7 %rd1,53,3,9,ffffffff
5348, PC=0x1f0 (linear_base.1.sm_75.ptx:154) add.s64 %rd9 %rd7 %rd8,23,3,3,ffffffff
5349, PC=0x1c8 (linear_base.1.sm_75.ptx:148) setp.le.s32 %p3 %r9 %r1,53,3,13,ffffffff
5349, PC=0x1e8 (linear_base.1.sm_75.ptx:153) mul.wide.s32 %rd8 %r1 4,53,3,10,ffffffff
5349, PC=0x1f0 (linear_base.1.sm_75.ptx:154) add.s64 %rd9 %rd7 %rd8,23,3,4,ffffffff
5350, PC=0x1d0 (linear_base.1.sm_75.ptx:149) mov.pred %p5 -1,23,3,1,ffffffff
5351, PC=0x1d8 (linear_base.1.sm_75.ptx:150) @%p3 bra $L__BB2_2,53,3,15,ffffffff
5351, PC=0x1e8 (linear_base.1.sm_75.ptx:153) mul.wide.s32 %rd8 %r1 4,53,3,8,ffffffff
5351, PC=0x1f0 (linear_base.1.sm_75.ptx:154) add.s64 %rd9 %rd7 %rd8,23,3,5,ffffffff
5351, PC=0x1f0 (linear_base.1.sm_75.ptx:154) add.s64 %rd9 %rd7 %rd8,23,3,6,ffffffff
5352, PC=0x1d0 (linear_base.1.sm_75.ptx:149) mov.pred %p5 -1,53,3,12,ffffffff
5352, PC=0x1e8 (linear_base.1.sm_75.ptx:153) mul.wide.s32 %rd8 %r1 4,53,3,9,ffffffff
5352, PC=0x1f0 (linear_base.1.sm_75.ptx:154) add.s64 %rd9 %rd7 %rd8,23,3,7,ffffffff
5353, PC=0x1d0 (linear_base.1.sm_75.ptx:149) mov.pred %p5 -1,53,3,13,ffffffff
5353, PC=0x1f0 (linear_base.1.sm_75.ptx:154) add.s64 %rd9 %rd7 %rd8,23,3,2,ffffffff
5353, PC=0x1d8 (linear_base.1.sm_75.ptx:150) @%p3 bra $L__BB2_2,53,3,11,ffffffff
5353, PC=0x1d8 (linear_base.1.sm_75.ptx:150) @%p3 bra $L__BB2_2,23,3,0,ffffffff
5354, PC=0x1e0 (linear_base.1.sm_75.ptx:152) cvta.to.global.u64 %rd7 %rd1,53,3,15,ffffffff
5354, PC=0x1d8 (linear_base.1.sm_75.ptx:150) @%p3 bra $L__BB2_2,53,3,12,ffffffff
5354, PC=0x1d8 (linear_base.1.sm_75.ptx:150) @%p3 bra $L__BB2_2,23,3,1,ffffffff
5356, PC=0x1e0 (linear_base.1.sm_75.ptx:152) cvta.to.global.u64 %rd7 %rd1,23,3,0,ffffffff
5356, PC=0x1d8 (linear_base.1.sm_75.ptx:150) @%p3 bra $L__BB2_2,53,3,13,ffffffff
5356, PC=0x1e0 (linear_base.1.sm_75.ptx:152) cvta.to.global.u64 %rd7 %rd1,53,3,11,ffffffff
5357, PC=0x1e0 (linear_base.1.sm_75.ptx:152) cvta.to.global.u64 %rd7 %rd1,23,3,1,ffffffff
5357, PC=0x1e8 (linear_base.1.sm_75.ptx:153) mul.wide.s32 %rd8 %r1 4,53,3,15,ffffffff
5357, PC=0x1e0 (linear_base.1.sm_75.ptx:152) cvta.to.global.u64 %rd7 %rd1,53,3,12,ffffffff
5358, PC=0x1f8 (linear_base.1.sm_75.ptx:155) ld.global.u32 %r11 [%rd9],23,3,3,ffffffff
5358, PC=0x1e0 (linear_base.1.sm_75.ptx:152) cvta.to.global.u64 %rd7 %rd1,53,3,13,ffffffff
5359, PC=0x1e8 (linear_base.1.sm_75.ptx:153) mul.wide.s32 %rd8 %r1 4,53,3,11,ffffffff
5359, PC=0x1e8 (linear_base.1.sm_75.ptx:153) mul.wide.s32 %rd8 %r1 4,23,3,0,ffffffff
5359, PC=0x1f0 (linear_base.1.sm_75.ptx:154) add.s64 %rd9 %rd7 %rd8,53,3,10,ffffffff
5360, PC=0x1f8 (linear_base.1.sm_75.ptx:155) ld.global.u32 %r11 [%rd9],23,3,4,ffffffff
5360, PC=0x1e8 (linear_base.1.sm_75.ptx:153) mul.wide.s32 %rd8 %r1 4,23,3,1,ffffffff
5360, PC=0x200 (linear_base.1.sm_75.ptx:156) mov.pred %p5 0,23,3,3,ffffffff
5361, PC=0x1f8 (linear_base.1.sm_75.ptx:155) ld.global.u32 %r11 [%rd9],23,3,5,ffffffff
5361, PC=0x1f8 (linear_base.1.sm_75.ptx:155) ld.global.u32 %r11 [%rd9],23,3,6,ffffffff
5361, PC=0x1f0 (linear_base.1.sm_75.ptx:154) add.s64 %rd9 %rd7 %rd8,53,3,8,ffffffff
5362, PC=0x1d8 (linear_base.1.sm_75.ptx:150) @%p3 bra $L__BB2_2,53,3,14,ffffffff
5362, PC=0x1e8 (linear_base.1.sm_75.ptx:153) mul.wide.s32 %rd8 %r1 4,53,3,12,ffffffff
5362, PC=0x1f0 (linear_base.1.sm_75.ptx:154) add.s64 %rd9 %rd7 %rd8,53,3,9,ffffffff
5363, PC=0x200 (linear_base.1.sm_75.ptx:156) mov.pred %p5 0,23,3,4,ffffffff
5363, PC=0x1e8 (linear_base.1.sm_75.ptx:153) mul.wide.s32 %rd8 %r1 4,53,3,13,ffffffff
5363, PC=0x1f8 (linear_base.1.sm_75.ptx:155) ld.global.u32 %r11 [%rd9],23,3,2,ffffffff
5364, PC=0x200 (linear_base.1.sm_75.ptx:156) mov.pred %p5 0,23,3,5,ffffffff
5364, PC=0x200 (linear_base.1.sm_75.ptx:156) mov.pred %p5 0,23,3,6,ffffffff
5365, PC=0x1e0 (linear_base.1.sm_75.ptx:152) cvta.to.global.u64 %rd7 %rd1,53,3,14,ffffffff
5366, PC=0x200 (linear_base.1.sm_75.ptx:156) mov.pred %p5 0,23,3,2,ffffffff
5366, PC=0x1f0 (linear_base.1.sm_75.ptx:154) add.s64 %rd9 %rd7 %rd8,53,3,15,ffffffff
5367, PC=0x1e8 (linear_base.1.sm_75.ptx:153) mul.wide.s32 %rd8 %r1 4,53,3,14,ffffffff
5368, PC=0x1f0 (linear_base.1.sm_75.ptx:154) add.s64 %rd9 %rd7 %rd8,23,3,0,ffffffff
5368, PC=0x1f8 (linear_base.1.sm_75.ptx:155) ld.global.u32 %r11 [%rd9],53,3,10,ffffffff
5368, PC=0x1f8 (linear_base.1.sm_75.ptx:155) ld.global.u32 %r11 [%rd9],23,3,7,ffffffff
5369, PC=0x1f0 (linear_base.1.sm_75.ptx:154) add.s64 %rd9 %rd7 %rd8,23,3,1,ffffffff
5369, PC=0x208 (linear_base.1.sm_75.ptx:159) @%p5 bra $L__BB2_4,23,3,6,ffffffff
5369, PC=0x208 (linear_base.1.sm_75.ptx:159) @%p5 bra $L__BB2_4,23,3,3,ffffffff
5370, PC=0x200 (linear_base.1.sm_75.ptx:156) mov.pred %p5 0,53,3,10,ffffffff
5370, PC=0x200 (linear_base.1.sm_75.ptx:156) mov.pred %p5 0,23,3,7,ffffffff
5370, PC=0x208 (linear_base.1.sm_75.ptx:159) @%p5 bra $L__BB2_4,23,3,4,ffffffff
5371, PC=0x1f0 (linear_base.1.sm_75.ptx:154) add.s64 %rd9 %rd7 %rd8,53,3,11,ffffffff
5371, PC=0x1f8 (linear_base.1.sm_75.ptx:155) ld.global.u32 %r11 [%rd9],53,3,8,ffffffff
5371, PC=0x208 (linear_base.1.sm_75.ptx:159) @%p5 bra $L__BB2_4,23,3,5,ffffffff
5371, PC=0x210 (linear_base.1.sm_75.ptx:161) cvta.to.global.u64 %rd10 %rd5,23,3,6,ffffffff
5372, PC=0x210 (linear_base.1.sm_75.ptx:161) cvta.to.global.u64 %rd10 %rd5,23,3,4,ffffffff
5372, PC=0x1f8 (linear_base.1.sm_75.ptx:155) ld.global.u32 %r11 [%rd9],53,3,9,ffffffff
5372, PC=0x208 (linear_base.1.sm_75.ptx:159) @%p5 bra $L__BB2_4,23,3,2,ffffffff
5372, PC=0x210 (linear_base.1.sm_75.ptx:161) cvta.to.global.u64 %rd10 %rd5,23,3,3,ffffffff
5373, PC=0x210 (linear_base.1.sm_75.ptx:161) cvta.to.global.u64 %rd10 %rd5,23,3,5,ffffffff
5373, PC=0x218 (linear_base.1.sm_75.ptx:162) add.s32 %r10 %r1 %r4,23,3,6,ffffffff
5373, PC=0x218 (linear_base.1.sm_75.ptx:162) add.s32 %r10 %r1 %r4,23,3,3,ffffffff
5373, PC=0x200 (linear_base.1.sm_75.ptx:156) mov.pred %p5 0,53,3,8,ffffffff
5374, PC=0x210 (linear_base.1.sm_75.ptx:161) cvta.to.global.u64 %rd10 %rd5,23,3,2,ffffffff
5374, PC=0x1f0 (linear_base.1.sm_75.ptx:154) add.s64 %rd9 %rd7 %rd8,53,3,12,ffffffff
5374, PC=0x200 (linear_base.1.sm_75.ptx:156) mov.pred %p5 0,53,3,9,ffffffff
5375, PC=0x1f8 (linear_base.1.sm_75.ptx:155) ld.global.u32 %r11 [%rd9],53,3,15,ffffffff
5375, PC=0x218 (linear_base.1.sm_75.ptx:162) add.s32 %r10 %r1 %r4,23,3,4,ffffffff
5375, PC=0x1f0 (linear_base.1.sm_75.ptx:154) add.s64 %rd9 %rd7 %rd8,53,3,13,ffffffff
5375, PC=0x218 (linear_base.1.sm_75.ptx:162) add.s32 %r10 %r1 %r4,23,3,2,ffffffff
5376, PC=0x218 (linear_base.1.sm_75.ptx:162) add.s32 %r10 %r1 %r4,23,3,5,ffffffff
5376, PC=0x1f0 (linear_base.1.sm_75.ptx:154) add.s64 %rd9 %rd7 %rd8,53,3,14,ffffffff
5376, PC=0x208 (linear_base.1.sm_75.ptx:159) @%p5 bra $L__BB2_4,23,3,7,ffffffff
5377, PC=0x1f8 (linear_base.1.sm_75.ptx:155) ld.global.u32 %r11 [%rd9],23,3,0,ffffffff
5378, PC=0x208 (linear_base.1.sm_75.ptx:159) @%p5 bra $L__BB2_4,53,3,10,ffffffff
5378, PC=0x200 (linear_base.1.sm_75.ptx:156) mov.pred %p5 0,53,3,15,ffffffff
5378, PC=0x200 (linear_base.1.sm_75.ptx:156) mov.pred %p5 0,23,3,0,ffffffff
5378, PC=0x1f8 (linear_base.1.sm_75.ptx:155) ld.global.u32 %r11 [%rd9],23,3,1,ffffffff
5379, PC=0x210 (linear_base.1.sm_75.ptx:161) cvta.to.global.u64 %rd10 %rd5,23,3,7,ffffffff
5379, PC=0x208 (linear_base.1.sm_75.ptx:159) @%p5 bra $L__BB2_4,53,3,8,ffffffff
5379, PC=0x200 (linear_base.1.sm_75.ptx:156) mov.pred %p5 0,23,3,1,ffffffff
5379, PC=0x210 (linear_base.1.sm_75.ptx:161) cvta.to.global.u64 %rd10 %rd5,53,3,10,ffffffff
5380, PC=0x210 (linear_base.1.sm_75.ptx:161) cvta.to.global.u64 %rd10 %rd5,53,3,8,ffffffff
5380, PC=0x208 (linear_base.1.sm_75.ptx:159) @%p5 bra $L__BB2_4,53,3,9,ffffffff
5380, PC=0x1f8 (linear_base.1.sm_75.ptx:155) ld.global.u32 %r11 [%rd9],53,3,11,ffffffff
5381, PC=0x210 (linear_base.1.sm_75.ptx:161) cvta.to.global.u64 %rd10 %rd5,53,3,9,ffffffff
5381, PC=0x218 (linear_base.1.sm_75.ptx:162) add.s32 %r10 %r1 %r4,53,3,10,ffffffff
5381, PC=0x218 (linear_base.1.sm_75.ptx:162) add.s32 %r10 %r1 %r4,23,3,7,ffffffff
5381, PC=0x218 (linear_base.1.sm_75.ptx:162) add.s32 %r10 %r1 %r4,53,3,8,ffffffff
5382, PC=0x218 (linear_base.1.sm_75.ptx:162) add.s32 %r10 %r1 %r4,53,3,9,ffffffff
5383, PC=0x200 (linear_base.1.sm_75.ptx:156) mov.pred %p5 0,53,3,11,ffffffff
5383, PC=0x1f8 (linear_base.1.sm_75.ptx:155) ld.global.u32 %r11 [%rd9],53,3,12,ffffffff
5383, PC=0x220 (linear_base.1.sm_75.ptx:163) mul.wide.s32 %rd11 %r10 4,23,3,6,ffffffff
5384, PC=0x208 (linear_base.1.sm_75.ptx:159) @%p5 bra $L__BB2_4,23,3,0,ffffffff
5384, PC=0x1f8 (linear_base.1.sm_75.ptx:155) ld.global.u32 %r11 [%rd9],53,3,13,ffffffff
5384, PC=0x208 (linear_base.1.sm_75.ptx:159) @%p5 bra $L__BB2_4,53,3,15,ffffffff
5385, PC=0x208 (linear_base.1.sm_75.ptx:159) @%p5 bra $L__BB2_4,23,3,1,ffffffff
5385, PC=0x220 (linear_base.1.sm_75.ptx:163) mul.wide.s32 %rd11 %r10 4,23,3,2,ffffffff
5385, PC=0x220 (linear_base.1.sm_75.ptx:163) mul.wide.s32 %rd11 %r10 4,23,3,3,ffffffff
5385, PC=0x220 (linear_base.1.sm_75.ptx:163) mul.wide.s32 %rd11 %r10 4,23,3,4,ffffffff
5386, PC=0x210 (linear_base.1.sm_75.ptx:161) cvta.to.global.u64 %rd10 %rd5,53,3,15,ffffffff
5386, PC=0x200 (linear_base.1.sm_75.ptx:156) mov.pred %p5 0,53,3,12,ffffffff
5386, PC=0x220 (linear_base.1.sm_75.ptx:163) mul.wide.s32 %rd11 %r10 4,23,3,5,ffffffff
5387, PC=0x218 (linear_base.1.sm_75.ptx:162) add.s32 %r10 %r1 %r4,53,3,15,ffffffff
5387, PC=0x210 (linear_base.1.sm_75.ptx:161) cvta.to.global.u64 %rd10 %rd5,23,3,0,ffffffff
5387, PC=0x200 (linear_base.1.sm_75.ptx:156) mov.pred %p5 0,53,3,13,ffffffff
5387, PC=0x1f8 (linear_base.1.sm_75.ptx:155) ld.global.u32 %r11 [%rd9],53,3,14,ffffffff
5388, PC=0x200 (linear_base.1.sm_75.ptx:156) mov.pred %p5 0,53,3,14,ffffffff
5389, PC=0x210 (linear_base.1.sm_75.ptx:161) cvta.to.global.u64 %rd10 %rd5,23,3,1,ffffffff
5389, PC=0x218 (linear_base.1.sm_75.ptx:162) add.s32 %r10 %r1 %r4,23,3,0,ffffffff
5390, PC=0x208 (linear_base.1.sm_75.ptx:159) @%p5 bra $L__BB2_4,53,3,11,ffffffff
5390, PC=0x218 (linear_base.1.sm_75.ptx:162) add.s32 %r10 %r1 %r4,23,3,1,ffffffff
5391, PC=0x220 (linear_base.1.sm_75.ptx:163) mul.wide.s32 %rd11 %r10 4,23,3,7,ffffffff
5391, PC=0x220 (linear_base.1.sm_75.ptx:163) mul.wide.s32 %rd11 %r10 4,53,3,8,ffffffff
5392, PC=0x220 (linear_base.1.sm_75.ptx:163) mul.wide.s32 %rd11 %r10 4,53,3,9,ffffffff
5392, PC=0x220 (linear_base.1.sm_75.ptx:163) mul.wide.s32 %rd11 %r10 4,53,3,10,ffffffff
5392, PC=0x210 (linear_base.1.sm_75.ptx:161) cvta.to.global.u64 %rd10 %rd5,53,3,11,ffffffff
5393, PC=0x218 (linear_base.1.sm_75.ptx:162) add.s32 %r10 %r1 %r4,53,3,11,ffffffff
5393, PC=0x208 (linear_base.1.sm_75.ptx:159) @%p5 bra $L__BB2_4,53,3,12,ffffffff
5394, PC=0x228 (linear_base.1.sm_75.ptx:164) add.s64 %rd12 %rd10 %rd11,23,3,6,ffffffff
5394, PC=0x208 (linear_base.1.sm_75.ptx:159) @%p5 bra $L__BB2_4,53,3,13,ffffffff
5395, PC=0x228 (linear_base.1.sm_75.ptx:164) add.s64 %rd12 %rd10 %rd11,23,3,4,ffffffff
5395, PC=0x228 (linear_base.1.sm_75.ptx:164) add.s64 %rd12 %rd10 %rd11,23,3,5,ffffffff
5395, PC=0x208 (linear_base.1.sm_75.ptx:159) @%p5 bra $L__BB2_4,53,3,14,ffffffff
5396, PC=0x210 (linear_base.1.sm_75.ptx:161) cvta.to.global.u64 %rd10 %rd5,53,3,12,ffffffff
5396, PC=0x210 (linear_base.1.sm_75.ptx:161) cvta.to.global.u64 %rd10 %rd5,53,3,13,ffffffff
5396, PC=0x228 (linear_base.1.sm_75.ptx:164) add.s64 %rd12 %rd10 %rd11,23,3,2,ffffffff
5397, PC=0x218 (linear_base.1.sm_75.ptx:162) add.s32 %r10 %r1 %r4,53,3,13,ffffffff
5397, PC=0x210 (linear_base.1.sm_75.ptx:161) cvta.to.global.u64 %rd10 %rd5,53,3,14,ffffffff
5397, PC=0x220 (linear_base.1.sm_75.ptx:163) mul.wide.s32 %rd11 %r10 4,53,3,15,ffffffff
5397, PC=0x218 (linear_base.1.sm_75.ptx:162) add.s32 %r10 %r1 %r4,53,3,12,ffffffff
5398, PC=0x218 (linear_base.1.sm_75.ptx:162) add.s32 %r10 %r1 %r4,53,3,14,ffffffff
5399, PC=0x228 (linear_base.1.sm_75.ptx:164) add.s64 %rd12 %rd10 %rd11,23,3,3,ffffffff
5399, PC=0x220 (linear_base.1.sm_75.ptx:163) mul.wide.s32 %rd11 %r10 4,23,3,0,ffffffff
5400, PC=0x220 (linear_base.1.sm_75.ptx:163) mul.wide.s32 %rd11 %r10 4,23,3,1,ffffffff
5401, PC=0x228 (linear_base.1.sm_75.ptx:164) add.s64 %rd12 %rd10 %rd11,53,3,10,ffffffff
5401, PC=0x228 (linear_base.1.sm_75.ptx:164) add.s64 %rd12 %rd10 %rd11,53,3,8,ffffffff
5402, PC=0x228 (linear_base.1.sm_75.ptx:164) add.s64 %rd12 %rd10 %rd11,53,3,9,ffffffff
5404, PC=0x220 (linear_base.1.sm_75.ptx:163) mul.wide.s32 %rd11 %r10 4,53,3,11,ffffffff
5406, PC=0x228 (linear_base.1.sm_75.ptx:164) add.s64 %rd12 %rd10 %rd11,23,3,7,ffffffff
5407, PC=0x220 (linear_base.1.sm_75.ptx:163) mul.wide.s32 %rd11 %r10 4,53,3,12,ffffffff
5407, PC=0x220 (linear_base.1.sm_75.ptx:163) mul.wide.s32 %rd11 %r10 4,53,3,13,ffffffff
5408, PC=0x220 (linear_base.1.sm_75.ptx:163) mul.wide.s32 %rd11 %r10 4,53,3,14,ffffffff
5408, PC=0x228 (linear_base.1.sm_75.ptx:164) add.s64 %rd12 %rd10 %rd11,53,3,15,ffffffff
5409, PC=0x228 (linear_base.1.sm_75.ptx:164) add.s64 %rd12 %rd10 %rd11,23,3,0,ffffffff
5410, PC=0x228 (linear_base.1.sm_75.ptx:164) add.s64 %rd12 %rd10 %rd11,23,3,1,ffffffff
5413, PC=0x228 (linear_base.1.sm_75.ptx:164) add.s64 %rd12 %rd10 %rd11,53,3,11,ffffffff
5416, PC=0x228 (linear_base.1.sm_75.ptx:164) add.s64 %rd12 %rd10 %rd11,53,3,12,ffffffff
5416, PC=0x228 (linear_base.1.sm_75.ptx:164) add.s64 %rd12 %rd10 %rd11,53,3,13,ffffffff
5417, PC=0x228 (linear_base.1.sm_75.ptx:164) add.s64 %rd12 %rd10 %rd11,53,3,14,ffffffff
5607, PC=0x230 (linear_base.1.sm_75.ptx:165) st.global.u32 [%rd12] %r11,23,3,3,ffffffff
5608, PC=0x238 (linear_base.1.sm_75.ptx:168) ret,23,3,3,ffffffff
5612, PC=0x230 (linear_base.1.sm_75.ptx:165) st.global.u32 [%rd12] %r11,23,3,4,ffffffff
5613, PC=0x238 (linear_base.1.sm_75.ptx:168) ret,23,3,4,ffffffff
5615, PC=0x230 (linear_base.1.sm_75.ptx:165) st.global.u32 [%rd12] %r11,23,3,5,ffffffff
5616, PC=0x238 (linear_base.1.sm_75.ptx:168) ret,23,3,5,ffffffff
5618, PC=0x230 (linear_base.1.sm_75.ptx:165) st.global.u32 [%rd12] %r11,23,3,6,ffffffff
5619, PC=0x238 (linear_base.1.sm_75.ptx:168) ret,23,3,6,ffffffff
5623, PC=0x230 (linear_base.1.sm_75.ptx:165) st.global.u32 [%rd12] %r11,23,3,2,ffffffff
5624, PC=0x238 (linear_base.1.sm_75.ptx:168) ret,23,3,2,ffffffff
5633, PC=0x230 (linear_base.1.sm_75.ptx:165) st.global.u32 [%rd12] %r11,53,3,10,ffffffff
5634, PC=0x238 (linear_base.1.sm_75.ptx:168) ret,53,3,10,ffffffff
5681, PC=0x230 (linear_base.1.sm_75.ptx:165) st.global.u32 [%rd12] %r11,53,3,8,ffffffff
5682, PC=0x238 (linear_base.1.sm_75.ptx:168) ret,53,3,8,ffffffff
5683, PC=0x230 (linear_base.1.sm_75.ptx:165) st.global.u32 [%rd12] %r11,53,3,11,ffffffff
5684, PC=0x230 (linear_base.1.sm_75.ptx:165) st.global.u32 [%rd12] %r11,53,3,14,ffffffff
5684, PC=0x238 (linear_base.1.sm_75.ptx:168) ret,53,3,11,ffffffff
5685, PC=0x238 (linear_base.1.sm_75.ptx:168) ret,53,3,14,ffffffff
5685, PC=0x230 (linear_base.1.sm_75.ptx:165) st.global.u32 [%rd12] %r11,23,3,7,ffffffff
5686, PC=0x238 (linear_base.1.sm_75.ptx:168) ret,23,3,7,ffffffff
5686, PC=0x230 (linear_base.1.sm_75.ptx:165) st.global.u32 [%rd12] %r11,23,3,0,ffffffff
5687, PC=0x238 (linear_base.1.sm_75.ptx:168) ret,23,3,0,ffffffff
5687, PC=0x230 (linear_base.1.sm_75.ptx:165) st.global.u32 [%rd12] %r11,53,3,9,ffffffff
5688, PC=0x230 (linear_base.1.sm_75.ptx:165) st.global.u32 [%rd12] %r11,53,3,13,ffffffff
5689, PC=0x238 (linear_base.1.sm_75.ptx:168) ret,53,3,9,ffffffff
5689, PC=0x230 (linear_base.1.sm_75.ptx:165) st.global.u32 [%rd12] %r11,53,3,15,ffffffff
5690, PC=0x238 (linear_base.1.sm_75.ptx:168) ret,53,3,15,ffffffff
5690, PC=0x238 (linear_base.1.sm_75.ptx:168) ret,53,3,13,ffffffff
5691, PC=0x230 (linear_base.1.sm_75.ptx:165) st.global.u32 [%rd12] %r11,23,3,1,ffffffff
5692, PC=0x230 (linear_base.1.sm_75.ptx:165) st.global.u32 [%rd12] %r11,53,3,12,ffffffff
5692, PC=0x238 (linear_base.1.sm_75.ptx:168) ret,23,3,1,ffffffff
5693, PC=0x238 (linear_base.1.sm_75.ptx:168) ret,53,3,12,ffffffff
